Designator,Footprint,Quantity,Value,LCSC Part #
3V1,TestPoint_Pad_2.0x2.0mm,1,TestPoint,
AMS1,SOT-223-3_TabPin2,1,AMS1117-3.3,
"C1, C12, C15, C16, C18, C2, C3, C4, C7",0805,9,100nF,
"C11, C13, C9",0805,3,10uF,
"C14, C17",CP_Radial_D10.0mm_P5.00mm,2,10uF,
C6,0805,1,1uF,
C8,0805,1,22uF,
CP1,QFN50P500X500X80-29N,1,CP2102N-A02-GQFN28,
"D1, D2, D3, D4",D_SMA,4,1N4007,
"D5, D7, D8",TVS_LESD5D5.0CT1G,3,LESD5D5.0CT1G,
D6,D_SMA,1,1N5819,
"DRR1, DRR2, DRR3, DRR4, L1, L2, LEDU1",0805,7,LED,
"DS1, DS2, JR1, JR2, JR3, JR4",Screw-3-pin-conn,6,Screw_Terminal_01x03,
ESP32S3,XCVR_ESP32-S3-WROOM-1-N8R2,1,ESP32-S3-WROOM-1-N8R2,C2913204
F1,1812,1,Polyfuse,C84140
"Q1, Q2, Q3, Q4, Q5, Q6",SOT-23,6,L8050QLT1G,
Q7,SOT-23,1,2N7002,
"R1, R2",0805,2,22R,
"R10, R12, RLED3V1, RLED5V1, RLEDUV1",0805,5,5K1,
"R11, R13, R14, R15, R7, R8, R9",0805,7,0R,
R16,0805,1,22.1K,
R17,0805,1,47.5K,
"R18, RQOPT1, RQOPT3, RQOPT5, RQOPT6",0805,5,1K,
R3,0805,1,1M,
"R4, R5, R6, RRQOPT1, RRQOPT2, RRQOPT3, RRQOPT4",0805,7,10K,
"RDS1, RI2C1, RI2C2",0805,3,4K7,
"RELAY1, RELAY2, RELAY3, RELAY4",Relay_T75,4,SRD-05VDC-SL-C,
"ROPT1, ROPT2, ROPT3, ROPT4",0805,4,330R,
"RQOPT2, RQOPT4, RQOPT7, RQOPT8",0805,4,2K2,
"S1, S2",SW_TS-1187A-B-A-B,2,TS-1187A-B-A-B,
"SW1, SW2, SW3, SW4",switch-dpdt,4,SW_Push_DPDT,
TERM_POW1,Screw-2-pin-conn,1,Screw_Terminal_01x02,
"U1, U2, U3, U4",SOP-4_3.8x4.1mm_P2.54mm,4,PC817,
U5,Texas_PWSON-N6,1,HDC1080,C82227
USBC1,USB_C_Receptacle_HRO_TYPE-C-31-M-12,1,USB_C_Receptacle_USB2.0,
